﻿--
-- Script was generated by Devart dbForge Studio for MySQL, Version 8.0.40.0
-- Product home page: http://www.devart.com/dbforge/mysql/studio
-- Script date 04/02/2019 11:48:31
-- Server version: 5.5.5-10.1.36-MariaDB
-- Client version: 4.1
--

-- 
-- Disable foreign keys
-- 
/*!40014 SET @OLD_FOREIGN_KEY_CHECKS=@@FOREIGN_KEY_CHECKS, FOREIGN_KEY_CHECKS=0 */;

-- 
-- Set SQL mode
-- 
/*!40101 SET @OLD_SQL_MODE=@@SQL_MODE, SQL_MODE='NO_AUTO_VALUE_ON_ZERO' */;

-- 
-- Set character set the client will use to send SQL statements to the server
--
SET NAMES 'utf8';

DROP DATABASE IF EXISTS practica5;

CREATE DATABASE IF NOT EXISTS practica5
CHARACTER SET latin1
COLLATE latin1_swedish_ci;

--
-- Set default database
--
USE practica5;

--
-- Create table `miembro`
--
CREATE TABLE IF NOT EXISTS miembro (
  dni char(9) NOT NULL,
  nombre varchar(50) DEFAULT NULL,
  titulacion varchar(50) DEFAULT NULL,
  PRIMARY KEY (dni)
)
ENGINE = INNODB,
AVG_ROW_LENGTH = 163,
CHARACTER SET latin1,
COLLATE latin1_swedish_ci;

--
-- Create table `federacion`
--
CREATE TABLE IF NOT EXISTS federacion (
  nombre char(9) NOT NULL,
  direccion varchar(50) DEFAULT NULL,
  telefono int(11) DEFAULT NULL,
  PRIMARY KEY (nombre)
)
ENGINE = INNODB,
AVG_ROW_LENGTH = 163,
CHARACTER SET latin1,
COLLATE latin1_swedish_ci;

--
-- Create table `composicion`
--
CREATE TABLE IF NOT EXISTS composicion (
  nombre char(9) NOT NULL,
  dni char(9) NOT NULL,
  cargo varchar(50) DEFAULT NULL,
  fecha_inicio date DEFAULT NULL,
  PRIMARY KEY (nombre, dni)
)
ENGINE = INNODB,
AVG_ROW_LENGTH = 163,
CHARACTER SET latin1,
COLLATE latin1_swedish_ci;

--
-- Create foreign key
--
ALTER TABLE composicion
ADD CONSTRAINT composicion_ibfk_1 FOREIGN KEY (nombre)
REFERENCES federacion (nombre) ON DELETE CASCADE ON UPDATE CASCADE;

--
-- Create foreign key
--
ALTER TABLE composicion
ADD CONSTRAINT composicion_ibfk_2 FOREIGN KEY (dni)
REFERENCES miembro (dni) ON DELETE CASCADE ON UPDATE CASCADE;

-- 
-- Dumping data for table miembro
--
INSERT INTO miembro VALUES
('0', '3386217C75V0WE298I4598M1K8C33I15A8R81M45CMN288', '4J17UF5CI6M6XQ96JA3685'),
('01', '0I73Z01B09ASZTIFH6S44MSALX13K2A9', '6KT5IFU0ONEHAF06I55R3R6Z88M47YBEP7703SBIY5'),
('02', NULL, '4CY0683NO6S1ZVV8U'),
('0D0D', '4V769W9Z3Q5AY4FI13IK6371HN', 'N75'),
('0D82IUAT', '11PM5DH', 'EPR0'),
('0S7', 'TFV65PG9GM9L943EC93X8', '43'),
('0Y2J', NULL, NULL),
('1', 'WDYE2CR2K40959KJEU16196X86416', '75R1'),
('12', 'XWY6S5D', '80'),
('16', 'M1W92U8', '0O7WN0W0729028I152278W0YFIX2Q82G92378'),
('21', 'B83IDL13VT59I4D43GMZ5LI90VC690RO4SG73ZAR37VF', 'WH6U4QI8'),
('23Z8WKM', 'S3O8JFSY49Z5NP80B2RJ6OR', '786C7XFF93Q7B4GIC6'),
('25', 'U1', '382WTQBMIDEV9UB22N3K1OD7ZXN'),
('2AS', '8', NULL),
('2C2', NULL, '0614N6U'),
('2MR', NULL, NULL),
('2Y0GRPI32', '82YEG6UAXAG162ZT6B0PN60UV815W72PU2IT40PY1B2DI8LU42', NULL),
('30', '1P7665NI614031PYM3RQ3O32IMUI81X3MK67E21D6ZGG821Y3F', '37FU165ZH5G04U0M8A0P4'),
('3E5', '58P', '94BWX1'),
('3MW1', '4L2X0F1YBI4U0FJK24QJG5N98O3L', '669FI8Y4L5J395'),
('3V1', '3JS06PU1MBQ3473', '770JYGK42T1LTX678PMGZ76KWG62Z9X2223U417O7BQ6MAV0CY'),
('4', '309', 'W4GC94T8Y6I4O'),
('4N', 'N8ZASF', NULL),
('5', '7P04884CSE657I7K777294K', '2356R3IKV7PC6AW'),
('584', 'HR2PYX67P5Q63Y7W2O6D4G', '68QDH3353F6740S06VO0ENHI050Q02KV58BSM8X98L97G87376'),
('58YKN70R1', 'RL2P5696', '2MG'),
('59', 'C80189537LJ8T89EW847', 'EPW6UHAF639X3H0B63ICU8989'),
('5D', '81WNI8W93MOE805WH2EU31P92845780IEIHJZZ48664B5M52', 'F9614J8STPRPF6W68E4DQ0F55GNVY7026FDSSFZ610TT52U0X'),
('5NK8', 'D657BBF1V9O552395UKRN', NULL),
('5V', 'TXD', '6FRASSGZH'),
('6', '4W03HYBN8F8H98PU7D98527', '8TQ5HXT74H7G5236'),
('60F', '32BWYCK0606867E2O2XW80876P0R628EIIY8867C0B6F8TDID1', '5Q2D1KK1L10G620WSF'),
('6114', 'H15C8G63S313L', NULL),
('65', '4K79X26P', '26C7FZT7H3891H908DWK2'),
('6C', 'U84NKF80UUNY53293BZ22H75L6JPU3RR4C93', 'INCX3XW1E932958QA08RJKO8R23NM'),
('6SA', NULL, '84'),
('7', 'NR', 'X2EG4'),
('7782C8B', 'LQYL88117Q372601', 'K18TQ71R127Y'),
('8', 'T16F6Z4MM2Y227', 'C81O79'),
('84I', 'BWTT6427I', 'F3FTQ4YQ'),
('87', '78C277YL63L8Q10S0', NULL),
('8Q', 'Q5597HH2SW8', '6VKFZ307PEI01515'),
('918H6', '7RCMS5HFZ226SQ890X1PWO', 'S8D6A29RO41P1A00H06FK0F7X7QEHC01'),
('92LO', 'T', 'PNJ6958FT6W5D6YP869E2YU09G43UIY4Q'),
('96W4A', '0K6Q6VN83ZG58S268232642VY5056FGPEN868M4LKS8G88PQ6Y', '6E49079IP8C'),
('9BT4SC', 'QY67F1J816', '0A1UZJ72'),
('9FRO', '81702L83UEFGB26ECW', '7583'),
('9V', 'L538B25ZBN879XRAR7T8B5J7E2E03F17074168SL47547297IK', 'L76XX0'),
('A', 'G220Y93H712277SO5H7U1N2C', '4JTZ768'),
('A1', NULL, '94'),
('A2', 'L9', 'I8C8SO33AT9HA9FHA486R62LO4M71PM945J'),
('AI', 'HA021', 'LP9WWEVNE485W93S58L2W945G6M5T'),
('AI682IE', '81QC53EHAGAL56GRWCU', 'QV7Z6SV89Y68F822F8W81'),
('B', 'U0W', 'D'),
('B19TQ0', 'F61GKEH01A0RKIT8C2', 'D4TI5977YA7W32W37MSGQD0GAU9968U'),
('B1J842N', 'W7L', '723B7RDY19Y0DVD5HY9M8R3UJ'),
('C8', '9971BTNNPOZ7K4VBMB3ZTO5D3SVT5X7WC7O899', '5'),
('CK64RU', '97TCGG0OESFCXV1IB5621', 'M819U03QX9N043KH6V1AHU39JL6N0F6K3D68QZE3979L2ZOBKW'),
('D', 'G316B47VJ7NJBZ3F1TPXE5HZ9AY54AE5OO4', '2NQ0230LN8JX9EN915'),
('DROE', '2S09DR34', '4O8PJTWEP4B4X777H29AC48RN70T6Y8FY2718T8NDTFG08437F'),
('EF897', 'B6E864OBTT1J1M4MB6CL02L6N2K2FE84EK708D53C7R', '3W3356890YXWB5K032RW0T6760P41K858B4RN7HBP6Y8U'),
('ETW51', '9H', '9AEA0779'),
('F4TYW', '129PWJ9', '83S4PV2MVB167A02184EMA9C75QXIS11E'),
('F7XF', '9EV09LP6SI873S41B1C18Q4TS8SL', 'J1FB12D5I9HQ7H'),
('FNM6', '8', 'JEKA2JVW99P0Q74RK8R5K'),
('G', 'PT2Z44J526O', 'S9KU960HM320D2B3VKHR0O019TRJ8HNA'),
('G6743I305', '6997FW43G', '0A3Y8X06EN7M273OS'),
('H3VM9EZI4', '3XC134BB8T11O24FQBN7B3S516HVJ587PAAC4CFSF4V99Y01S2', '3UT'),
('HY', 'VIV2B5C8DUQAEDX7AW19TBV90ZKF92858035ED75D5NF1XF4R9', 'RN09O'),
('JRR76X', 'GEM31SQBX09FY9UM4YOP3QGV5', '16FIIDZ56H6'),
('K41', '2G0H1', '414'),
('KB', 'GJA0X32G2U3', 'WB55SZ4EX8CPFQ509105LKKJF4E8SN'),
('KK4', '6BZIQ8D0N0RUGO', 'U97497366RH44E4ORJEAD73'),
('KY615N', 'CQIKI638J5', '8AW322514E7SX9BY4X4J890H5'),
('L', 'NSS853817746QMAEMLSIW4R524M0H015FE6CX6U4DCQGUE58B1', '0JK5E6QFY38Z1RN8E2O3'),
('M9Y270', 'J3Y2PQO61VFQ3OBT5FNALJK35W0VXBA5', 'ZZ655XF2'),
('N', '5329Y2PWHHL7F9S7D', '8M5T30ZBVXQ1E0WX'),
('N3N', NULL, NULL),
('N9', '4XTHBC55U80VBJ1T3PXPRN3ET0405DY0650', 'JF0KGA99LZ24N17TH683'),
('NG4', 'G1', 'VZYK7HSME8OI7362C02BGXF5W092'),
('OEX', '3DQ41Y2PCV68GT52NU103WCY', '0V79DT3T6IDJVR6K5VITG9172L9'),
('P', '8Z6DI60T55YD8ZY7U4D54J3935J52NGNO', '70520M1QSTO7JX2804'),
('Q', 'Z0', 'V8OH2BTW969M5712OE2VN00SU9M595HVB1ZVHG3EM'),
('Q05', 'J5M8N0', '3KH6H2G6'),
('RD', '025S8', 'S320B2GVU94L9G124N4642P'),
('RY04', 'E7MOF96579P85ZNAD4M98Q4I58IZ6VGO348Z5N', '4'),
('T291', 'W463ZOG2E3D56W4F42JQ', 'O652H6CC66U9S21QAK'),
('U41', 'B0BJF4R098XB9282LC', '0171XY398KF1'),
('UAE8', NULL, 'I4O1'),
('UB3L183RV', 'R2OS09X1EXGIN1I62B', '54E9H52'),
('V', NULL, 'J4VXQ507HOWWW5'),
('V6', 'O9', 'B1Q2P8MX1'),
('W1A', 'F68ONAU6YOO6LW8Y4422812UVT11G41', 'V9296LVS339YT37LS9286Y0YMUQ7TQD6KV12O1Z57YGH8YT553'),
('X0M7', '4T7Q', 'VN157N174146XJ75402A20212Y7E'),
('X146', 'Y0K1', '96A0CED6HJ1Y5ZP94J8170ZA9K25FD'),
('Y', '68FJ4YNUUWFERKAG49', 'B08725DAGGJ362T5STBBW3ACS504JTWBO36U6Z'),
('Y3QU', NULL, '584S4'),
('Z', 'NR3CC84K22552059C00RNB', NULL),
('ZC4', 'LB8W6NO55ML6U5GF5Q5I75H9DOAQ04KC481A0955W8S35H3172', 'A5YFD22PJ0'),
('ZRMS', 'H54890922T8E9Z9B72FO7QA6HO4J260VA1', '7I');

-- 
-- Dumping data for table federacion
--
INSERT INTO federacion VALUES
('0', NULL, -1448960231),
('04FZ', 'A4I', -12972683),
('0F', 'V40Y8RN453O19B', -638715405),
('1', '77DCIX4555', -2107504283),
('10', 'B218002377K3VFPBDRGQQ8INNWGV22', NULL),
('2', '66', -2133206387),
('22', 'LPZL1G3V52UNYWK6148478F116680H4K24G295QV5EGFH8JTH8', NULL),
('240', 'HNAX1300S294C04R3RH', -1618757887),
('2FU', '8IOA7E6T104R82A', -1209708887),
('2S3A', '951N29UNKXBV4S64Z5SC49820PO', -1747243567),
('3', '8HME734415UE7U0', NULL),
('3N379', '2TY9Q21J5Q7X131I', 887),
('4', 'V913MI7SDE567O5E2R7VQED78', -950747444),
('41', 'JOX2UK7YC8N7B', -809596955),
('482D6', '5L0I8HG384GF9F37AGF7OMOB8', -1538289913),
('48792', NULL, -1970866709),
('4H1VOP76O', 'GEPS2F0GO7RF', -1548597520),
('4NJ9', 'RJKJCO3L01O9Q6', -1458913346),
('4P06C8', '7C2S65ZEWI3Z856ZCUW1VM2KPCCZ042254166N17TX', -1231576311),
('4W', 'WIM320W875HA47YMBP1H3C1HFRV2FAOF1AU7OCEB36759Y4T17', -429275820),
('50', 'Q6N9I9N3SH', -1258858447),
('53', NULL, -1314847101),
('53X3C20', '0S89I97141D92', -114995481),
('5ZR5N', NULL, NULL),
('6', 'Z14VY44T40225', -1195193230),
('64I98', '7813', -1655169076),
('6WQ19D2VY', 'F0M5G310L', 110),
('7', '3', -207740402),
('715W', 'B5', -8),
('75', '407S855V1Q79IM7T7W54E920F7G5D95L5K384', -3036),
('76', 'FG', -307310126),
('7UKX', 'T6621N637K081394X51O050SS0S7', -409185753),
('7XB39F0', 'U7MTSACFVY9SNE808659WM4XEXK0J4JG4U5H438N3HJ2U4ZGC4', -248217915),
('8', '2', NULL),
('80', 'MF35WBPQ4V4F', -1794008574),
('856I', '78EHT841YU1047JD0PECZ8923R4S69YN96L0461S', -1624469049),
('8D', 'DR4Y2I2LFF9', 4681),
('8EMB50C', '8D753Y4T', -420283374),
('8IO8X', '56OFN7DH0', -621024177),
('8Q', '4B', -330391096),
('9', 'S07259W1M468JJ17634PCF2ZJ2S8096KZ1XJ5CLO4139041I7P', -1490537754),
('92', 'Z8XTWX74BZUITE25A2L9I4W575S76PQ3D7850V58T1CULP67PM', -1154810085),
('925NY0', 'N1IH', -1343448973),
('98J', '55A5B6RW7UU9J', -546337011),
('9Q', '554Y2PDDL0P60H7F38M0', 6199),
('9T19B3', '48OE0H', -1396554998),
('A', '291J1446D4JX56SN2SOMWW7UO7', -532059750),
('B', 'PP96FENOJ41N37887', -965712830),
('B2C', '315454Y9W4TZE1V5MKH4WK3R5BW', -559136377),
('C', 'YAI33SBNY4J4OZ11VTY2MHRV1XCEN76HP6', -8),
('C45R', 'AU8W0K45037FNQG9H18UR29TJGF2AU', NULL),
('C7', NULL, 6),
('CJB', 'X', -899297131),
('DU78N99', '0012EHG46NE4NHNBR2Z14', -250460579),
('E', 'Y1711PXB7KD3625JHH7X23XN9', NULL),
('F', 'L68425IW0B0O3YW20QO6HGF', -1922734024),
('F65', NULL, -945313358),
('FM1', 'D62M086RXNOD0B6G898ILRA4K', 9),
('FUJ55N', '6P', -1866654781),
('G', '15Z6E2BG88D', -94),
('G9', NULL, -1136576655),
('HJ10Z0', '5O2OF6UZ2ETW63Z47U8W7DP905MU289D5R189WCK', -1051143034),
('HV', NULL, -2017084877),
('I02', '95ACBY2MU73A44SNV4H2K0JYE4TU831GG8M3S34F9', -476),
('I0N', 'OCPD2C13277RL8869Z342CD2AI629', -282895019),
('I6', NULL, -589054105),
('JK1', 'WX2706O1HVS83MC9P3BR3BMO0MN8A59YZ2', -943839737),
('K', '9RL4V9ROQ', 63),
('K6', 'KH2O83999ECR0Y84X7ZC889GK066377KS730T85B29', -556477826),
('KX6X', 'R73PL', NULL),
('L', 'E4706XPL796B6214', -3631),
('L5', 'B0X7', -194840941),
('LD', NULL, -654653698),
('N', '8R49LQQ5E35813', -920399458),
('NSYJI7JTB', '44469330CDH4KFTKH8JSV8ZURMGB9L8U1X7TD', -507999135),
('NZ8', 'J1BK2GAJ', -1651),
('P', 'R', -1739358233),
('PIBRU', '8LWJ5DL9569', -686281364),
('QQ', '2GM0FGR37', -698875043),
('RH66', '9V1G5BQM8', NULL),
('RP', '8VV6', -1321247616),
('S', '070C4F3L8A7LSMXY41B659TSD0IAN986VLB65E1BEM7ACGF5X3', -379307018),
('S00', 'ESU7SO1', -1536516739),
('S7', '72BR04YDIC38BW65D6NBCLL96I8DQ0BAVNRT179GA7D218EYVV', -234820306),
('SZ4Z1', '540', -2066428678),
('T67', '80JMU7', -622724199),
('T7', '26EHQM727B8M7', -978193146),
('U', 'SS', NULL),
('U2V4I3', 'AK48Z598KR', -1018749394),
('UC', '7P2VAC6A2', -1258613104),
('V', '7O', -1783533660),
('VE56S94', 'KH', -288330222),
('VV2', 'Y83RZ', -775000706),
('W', 'RUB2OMR340E6K7A7L5B8ZT95W72Q6BL7UPN2G1E298', -716293282),
('WB6S', '58E5VD8BDBY80WR46XACS3O6QLNM', 98),
('X4AM10', '86C8GK', -94163426),
('XNL', 'TD4DY129923F89027261I', -885707670),
('XS5Y', '65JB84B64C08286X', -1565757680),
('Z47C', '50P4LX8FZ4WA2T44LZ4XW0AJO636', 113),
('Z8', '88062ZV9MY768488VS', -1868052182);

-- 
-- Dumping data for table composicion
--
INSERT INTO composicion VALUES
('0', '84I', NULL, NULL),
('04FZ', 'A', '30S', '2004-10-16'),
('0F', '5V', '727X865ZWTX4I66W6R4Q9IH', '2016-02-01'),
('1', 'DROE', 'T330O1H39635QC', '2000-08-20'),
('10', 'ZRMS', 'QGA3BGSY', '2013-06-09'),
('2', '0D82IUAT', '9U107GM', '2017-08-21'),
('22', 'UAE8', 'NV7K03UBN26YD65T25Y5HK57FU0Y34', '2003-10-22'),
('240', 'Y', 'SY9NB4RU8VXGE940', '1999-01-01'),
('2FU', 'F4TYW', '3H2', '2018-03-11'),
('2S3A', 'RD', 'W7W2UG2FIXP60L9CQ8F8', '2002-05-22'),
('3', 'Q05', '9', '1999-02-01'),
('3N379', '3V1', '54QV595', '2014-03-28'),
('4', 'G', 'VTV44G6N6Q6LP1N0O38M830', '2013-12-21'),
('41', 'U41', '621446AH1PC228921LTF4LV', '2001-12-28'),
('482D6', '59', '4J19GE9LBM9LVM7', '2006-06-10'),
('48792', 'X0M7', 'SI15W4575I527TR7', '2016-07-26'),
('4H1VOP76O', 'P', 'UZ6N3G7632CLIU22M5A2IX4', '2009-02-23'),
('4NJ9', '0S7', '3V2009C6D1T', '1999-03-24'),
('4P06C8', 'N', 'QEAX49EH211YJL4HL4G36K8CT65HA1GH05W4F6ZTDH78S6B190', '1999-11-09'),
('4W', '8', '2SJ3Y0L', '2005-10-06'),
('50', 'EF897', '36GSX', '2013-01-06'),
('53', 'V', '2Q507C026274Y7E8W7RHCC5M970G3P', '2011-10-24'),
('53X3C20', '30', 'X4544SP0V27SS4335I0530I8LW73NN103P', '2013-06-27'),
('5ZR5N', '0Y2J', 'D80X', '2016-04-11'),
('6', 'ETW51', '43KK1B9', '2012-03-15'),
('64I98', 'B19TQ0', 'PX59D', '2004-09-23'),
('6WQ19D2VY', '12', 'KJ88AJ71118K921G1AB88MAKR327GX76O30515VS91R', '2004-06-03'),
('7', '3E5', '76', '2009-05-06'),
('715W', '96W4A', '1J04', '2003-06-07'),
('75', 'FNM6', '13MF3Z67O4', '2016-02-19'),
('76', 'UB3L183RV', '8V9KCL99AHM56V5XSIIR', '1999-04-08'),
('7UKX', 'X146', '647V1QQ19WNVB', '1999-01-05'),
('7XB39F0', '0D0D', 'W4M9', '1999-01-10'),
('8', 'H3VM9EZI4', '1064O3HH4J65NY57Z7CL4H1330U1685VJD48971J', '2012-02-10'),
('80', 'T291', 'VAERTYKRW042M8501XSV2BHSQ3VJ44301C2DGUJ29N0', '2013-05-20'),
('856I', '9BT4SC', '3NO40JEX3LQ8', '2001-12-31'),
('8D', '92LO', 'AN31Y', '2011-10-12'),
('8EMB50C', 'HY', '662C79K', '2008-05-16'),
('8IO8X', '9V', 'I0Y0K497DCR6KUCW9D519WC3GA37Z09I8GQ61AG9Y638N704JC', '2002-08-27'),
('8Q', '16', 'E9DL', '2014-08-21'),
('9', 'C8', 'SCV42ND875OJHB', '2018-11-18'),
('92', 'JRR76X', '75TKD54C8OOS191D0H0P53M9', '2002-02-21'),
('925NY0', '0', NULL, NULL),
('98J', 'RY04', 'ORT5K', '2005-01-03'),
('9Q', 'D', 'W451Q257085N', '2005-09-25'),
('9T19B3', '6C', NULL, NULL),
('A', '5NK8', 'Q74', '1999-10-27'),
('B', 'KB', '1B982TEVCKDC8', '1999-05-16'),
('B2C', '8Q', NULL, NULL),
('C', '3MW1', 'T', '2010-03-13'),
('C45R', '4N', NULL, NULL),
('C7', '1', 'A1ECB5F5A2SR5YRZ', '2001-12-12'),
('CJB', 'Z', 'A', '2008-02-15'),
('DU78N99', '5D', 'Q9VPS9M70Y40JK8034857428V0MS8', '2002-11-16'),
('E', '87', 'CXJ1QL593H', '2014-02-02'),
('F', 'N9', 'Q4', '2003-04-05'),
('F65', '60F', '00A848KWU', '2000-03-08'),
('FM1', '58YKN70R1', '9LJQ5L6', '2001-07-30'),
('FUJ55N', 'B', 'I', '2008-04-26'),
('G', 'A1', 'K261F7Q918750Q49SXI353FTIF7UNF1YCK1Z89L207Y4F2D3O6', '2005-11-28'),
('G9', 'V6', '5', '2003-06-23'),
('HJ10Z0', 'Q', 'Q1VL', '2009-10-01'),
('HV', '2MR', '9ZWCF8', '2015-05-06'),
('I02', '5', '5L396430E6QK3Z9IN6WMH6605', '2018-06-01'),
('I0N', '02', 'KW01KB0IPGU09M55W', '2002-04-01'),
('I6', 'W1A', '68L2V5M5JF120O69AR', '1999-03-29'),
('JK1', '7782C8B', NULL, NULL),
('K', 'ZC4', 'VO63L0KDMS38', '2005-08-10'),
('K6', 'B1J842N', 'EX4G8A803V45F97UC0PS35C', '1999-04-30'),
('KX6X', 'K41', 'JQO10XA4X306P44GU1J34HN4N3USVDCUE720Y0KCZD65Y4N545', '1999-03-05'),
('L', 'N3N', '630QHR78', '2018-11-02'),
('L5', '2C2', 'PG51', '2004-09-23'),
('LD', '25', 'D9HA3293A240J', '1999-05-22'),
('N', 'Y3QU', 'WCC8V88B8MH2CJR', '2013-12-26'),
('NSYJI7JTB', '2Y0GRPI32', '62537MI7W', '2008-11-26'),
('NZ8', '584', 'PH8KA0', '2014-12-01'),
('P', 'AI', '143', '2007-08-30'),
('PIBRU', 'NG4', NULL, NULL),
('QQ', 'L', 'E35C9V', '2009-09-02'),
('RH66', '4', 'A30OLKM537RI1VITOZL0564S6R4O0R37', '1999-10-08'),
('RP', '7', 'B7DEQABTU1U', '1999-02-13'),
('S', 'CK64RU', '772SM3056', '2001-07-31'),
('S00', '65', '4J1NC5627K10D', '2008-08-27'),
('S7', '6114', '74G77N879GDA3KR744YC7736', '2003-04-29'),
('SZ4Z1', 'M9Y270', NULL, NULL),
('T67', '918H6', 'P56258', '2017-03-29'),
('T7', 'AI682IE', 'PYRN0C98V18752HY', '1999-03-05'),
('U', 'OEX', '820S', '2012-09-28'),
('U2V4I3', '9FRO', '42FT8GSPZ34UT677NG8KK9DQSDML1X5', '2015-09-29'),
('UC', '23Z8WKM', '920KZQSYKFKHRVT2C39X3PY16307P7L28OF', '2012-01-10'),
('V', '6', '55MD8WQ4V48JVFPP7699MKJ2I8V0680C32K26', '1999-01-05'),
('VE56S94', 'G6743I305', '69A88HR3JG09I42ZUW8L', '2003-08-01'),
('VV2', '21', 'O4UVB3IP4PHDL48TPU13Y4M86J0', '2015-09-13'),
('W', '01', NULL, NULL),
('WB6S', 'A2', NULL, NULL),
('X4AM10', 'KY615N', '551GJ0V3F3573AD99653G5WLZ3T58W9P34', '1999-12-15'),
('XNL', '6SA', '17YNW0V52IE8186131E2HS3W1S8X3HNE8ZYZ', '1999-03-20'),
('XS5Y', 'F7XF', '2CFTKM', '2000-03-03'),
('Z47C', '2AS', '2V4JLQV7247V3J6LV8B3X975KCEZJ3', '2009-07-01'),
('Z8', 'KK4', 'S5173UQ6Q56X8K9NB1S20', '2010-04-13');

-- 
-- Restore previous SQL mode
-- 
/*!40101 SET SQL_MODE=@OLD_SQL_MODE */;

-- 
-- Enable foreign keys
-- 
/*!40014 SET FOREIGN_KEY_CHECKS = @OLD_FOREIGN_KEY_CHECKS */;